{"stats":{"minecraft:mined":{"minecraft:brewing_stand":1,"twigs:twig":3,"excavated_variants:calcite_coal_ore":6,"minecraft:spawner":1,"minecraft:furnace":1,"minecraft:iron_ore":2,"minecraft:acacia_wood":3,"minecraft:stripped_spruce_log":2,"minecraft:bookshelf":32,"minecraft:azalea_leaves":2,"ecologics:walnut_log":3,"minecraft:stripped_mangrove_wood":16,"minecraft:stone":7,"minecraft:player_head":1,"minecraft:white_wool":4,"minecraft:tripwire":2,"minecraft:smithing_table":1,"minecraft:crafting_table":1,"minecraft:blast_furnace":3,"minecraft:calcite":6,"ecologics:walnut_leaves":1,"minecraft:lectern":1,"minecraft:tall_grass":1,"minecraft:cyan_bed":1,"minecraft:diorite":1,"minecraft:birch_log":1,"minecraft:black_wall_banner":1,"minecraft:spruce_log":6,"minecraft:birch_leaves":5,"minecraft:black_bed":1,"minecraft:grass":27,"minecraft:oak_log":19,"minecraft:coal_ore":20,"excavated_variants:andesite_coal_ore":2,"excavated_variants:diorite_coal_ore":1},"minecraft:picked_up":{"sophisticatedbackpacks:gold_backpack":1,"minecraft:crafting_table":1,"minecraft:iron_chestplate":1,"minecraft:golden_pickaxe":2,"minecraft:leather_leggings":1,"minecraft:smithing_table":1,"minecraft:wooden_pickaxe":3,"minecraft:potion":5,"minecraft:brewing_stand":1,"minecraft:string":23,"minecraft:iron_axe":1,"minecraft:item_frame":2,"minecraft:zombie_head":1,"minecraft:beetroot":16,"minecraft:sea_pickle":6,"minecraft:beef":2,"minecraft:player_head":1,"minecraft:calcite":6,"minecraft:iron_pickaxe":1,"minecraft:lectern":2,"qualitycrops:beetroot_gold":4,"minecraft:birch_sapling":1,"minecraft:furnace":1,"minecraft:raw_iron":2,"minecraft:stick":15,"minecraft:stripped_mangrove_wood":16,"ecologics:walnut_log":3,"minecraft:bowl":1,"qualitycrops:beetroot_diamond":1,"epicfight:skillbook":2,"minecraft:arrow":10,"minecraft:rotten_flesh":41,"minecraft:black_banner":1,"minecraft:gold_ingot":2,"minecraft:glistering_melon_slice":6,"qualitycrops:beetroot_iron":2,"minecraft:skeleton_skull":1,"minecraft:white_wool":8,"minecraft:bone_block":1,"minecraft:cobblestone":9,"minecraft:birch_log":1,"simplyswords:iron_katana":1,"minecraft:black_bed":1,"minecraft:leather":10,"minecraft:acacia_wood":3,"minecraft:filled_map":1,"minecraft:mushroom_stew":9,"minecraft:oak_log":19,"minecraft:bone":7,"minecraft:apple":8,"minecraft:wheat_seeds":8,"minecraft:iron_ingot":1,"twigs:twig":3,"minecraft:iron_sword":1,"minecraft:oak_planks":30,"minecraft:book":138,"minecraft:ink_sac":6,"minecraft:blast_furnace":3,"minecraft:spruce_log":24,"minecraft:cyan_bed":1,"minecraft:diamond":1,"minecraft:stone_axe":3,"minecraft:bread":20,"minecraft:coal":44},"minecraft:dropped":{"minecraft:wheat_seeds":1,"minecraft:leather":8,"minecraft:apple":7,"qualitycrops:beetroot_diamond":1,"minecraft:mangrove_planks":26,"minecraft:mushroom_stew":2,"minecraft:potion":2,"qualitycrops:beetroot_gold":1,"minecraft:string":23,"minecraft:white_wool":8,"minecraft:bone":7,"minecraft:player_head":1,"minecraft:bowl":6,"minecraft:beetroot":10,"minecraft:rotten_flesh":41,"minecraft:filled_map":1,"minecraft:iron_chestplate":1,"minecraft:oak_boat":1,"minecraft:leather_leggings":1,"minecraft:calcite":4,"epicfight:skillbook":2},"minecraft:custom":{"minecraft:interact_with_smithing_table":1,"lootr:looted_stat":25,"minecraft:mob_kills":20,"minecraft:interact_with_crafting_table":16,"minecraft:open_barrel":2,"minecraft:damage_dealt_resisted":5100,"minecraft:eat_cake_slice":4,"minecraft:leave_game":1,"minecraft:time_since_death":45079,"minecraft:climb_one_cm":10357,"minecraft:sprint_one_cm":257199,"minecraft:walk_one_cm":363476,"minecraft:drop":34,"minecraft:damage_dealt_absorbed":1530,"minecraft:play_time":56517,"minecraft:deaths":5,"minecraft:sneak_time":287,"minecraft:walk_under_water_one_cm":2502,"minecraft:boat_one_cm":62264,"minecraft:jump":643,"minecraft:interact_with_blast_furnace":3,"minecraft:walk_on_water_one_cm":14669,"minecraft:total_world_time":56517,"vampirism:interact_with_research_table":1,"minecraft:sleep_in_bed":1,"minecraft:time_since_rest":35129,"minecraft:damage_taken":2319,"minecraft:damage_dealt":5876,"minecraft:swim_one_cm":944,"minecraft:fly_one_cm":201889,"minecraft:crouch_one_cm":1690,"minecraft:fall_one_cm":18872},"minecraft:killed":{"minecraft:cave_spider":1,"minecraft:spider":1,"minecraft:horse":3,"minecraft:skeleton":2,"minecraft:husk":10,"ecologics:squirrel":1,"minecraft:cow":1},"minecraft:killed_by":{"minecraft:husk":1,"minecraft:skeleton":4},"minecraft:broken":{"minecraft:golden_pickaxe":1},"minecraft:crafted":{"minecraft:oak_planks":64,"wom:stone_staff":1,"ecologics:walnut_planks":12,"minecraft:iron_axe":1,"minecraft:crafting_table":2,"minecraft:wooden_pickaxe":1,"minecraft:iron_sword":1,"minecraft:mangrove_planks":60,"minecraft:stone_axe":1,"minecraft:air":0,"minecraft:oak_boat":1,"minecraft:stick":14,"minecraft:iron_ingot":11},"minecraft:used":{"minecraft:beetroot":2,"minecraft:bone_block":1,"minecraft:iron_sword":8,"minecraft:iron_chestplate":1,"simplyswords:iron_katana":160,"wom:stone_staff":35,"minecraft:iron_axe":74,"minecraft:item_frame":2,"ecologics:walnut_planks":6,"minecraft:skeleton_skull":1,"minecraft:calcite":2,"minecraft:water_bucket":1,"epicfight:skillbook":2,"minecraft:leather_leggings":1,"minecraft:wooden_pickaxe":4,"minecraft:stripped_mangrove_wood":1,"minecraft:crafting_table":3,"minecraft:mushroom_stew":6,"minecraft:cake":3,"minecraft:oak_log":3,"minecraft:apple":6,"minecraft:zombie_head":1,"minecraft:cyan_bed":1,"minecraft:bread":9,"minecraft:iron_pickaxe":15,"minecraft:stone_axe":18,"minecraft:cobblestone":1,"minecraft:potion":2,"minecraft:bucket":1,"minecraft:birch_log":1,"minecraft:golden_pickaxe":32}},"DataVersion":3465}