{"stats":{"minecraft:used":{"minecraft:chest":5},"minecraft:custom":{"minecraft:jump":377,"minecraft:open_chest":5,"minecraft:time_since_rest":10953,"minecraft:leave_game":1,"minecraft:crouch_one_cm":941,"minecraft:walk_on_water_one_cm":696,"minecraft:sprint_one_cm":53127,"minecraft:play_time":10953,"minecraft:time_since_death":10953,"minecraft:walk_one_cm":10127,"minecraft:sneak_time":149,"minecraft:total_world_time":10953,"minecraft:walk_under_water_one_cm":131,"minecraft:swim_one_cm":6539,"minecraft:fly_one_cm":385491}},"DataVersion":3465}