{"stats":{"minecraft:mined":{"minecraft:dark_oak_planks":2,"minecraft:sponge":1,"minecraft:calcite":2,"excavated_variants:calcite_coal_ore":1,"minecraft:tall_grass":3,"minecraft:cyan_bed":3,"minecraft:spawner":1,"minecraft:spruce_log":1,"minecraft:grass":24,"minecraft:coal_ore":5,"minecraft:bamboo":1,"minecraft:white_wool":41,"minecraft:tripwire":2},"minecraft:picked_up":{"minecraft:sponge":1,"minecraft:leather":8,"minecraft:potato":1,"minecraft:filled_map":1,"minecraft:potion":2,"minecraft:mushroom_stew":2,"minecraft:string":10,"minecraft:item_frame":2,"minecraft:bone":2,"minecraft:wheat_seeds":2,"minecraft:iron_ingot":2,"minecraft:oak_boat":5,"minecraft:player_head":1,"minecraft:calcite":2,"minecraft:bamboo":3,"qualitycrops:beetroot_gold":4,"minecraft:mangrove_planks":26,"qualitycrops:beetroot_diamond":2,"minecraft:spruce_stairs":2,"epicfight:skillbook":2,"minecraft:diorite":1,"minecraft:carrot":1,"minecraft:spruce_log":2,"minecraft:cyan_bed":2,"minecraft:dark_oak_planks":2,"minecraft:arrow":10,"minecraft:rotten_flesh":7,"minecraft:golden_apple":1,"qualitycrops:beetroot_iron":2,"minecraft:coal":6,"minecraft:skeleton_skull":4,"minecraft:white_wool":45},"minecraft:dropped":{"minecraft:bread":12,"minecraft:wheat_seeds":2,"simplyswords:iron_katana":1,"minecraft:golden_pickaxe":1,"qualitycrops:beetroot_diamond":1,"minecraft:mangrove_planks":3,"minecraft:spruce_stairs":1,"minecraft:item_frame":1,"sophisticatedbackpacks:gold_backpack":1,"minecraft:filled_map":1,"minecraft:skeleton_skull":4,"qualitycrops:beetroot_iron":2,"minecraft:potion":1,"minecraft:iron_pickaxe":1,"qualitycrops:beetroot_gold":4},"minecraft:custom":{"minecraft:interact_with_smithing_table":1,"lootr:looted_stat":33,"minecraft:interact_with_furnace":1,"minecraft:mob_kills":32,"minecraft:interact_with_crafting_table":8,"minecraft:open_barrel":3,"vampirism:interact_with_garlic_diffuser":1,"minecraft:eat_cake_slice":2,"minecraft:damage_dealt_resisted":11678,"minecraft:leave_game":2,"minecraft:time_since_death":50855,"minecraft:sleep_in_bed":1,"minecraft:climb_one_cm":18944,"vampirism:interact_alchemical_cauldron":1,"minecraft:time_since_rest":35122,"minecraft:sprint_one_cm":178998,"minecraft:damage_absorbed":40,"minecraft:damage_taken":995,"minecraft:walk_one_cm":411842,"minecraft:drop":21,"minecraft:damage_dealt":9801,"minecraft:damage_dealt_absorbed":3913,"minecraft:swim_one_cm":6170,"minecraft:talked_to_villager":4,"minecraft:fly_one_cm":248732,"minecraft:crouch_one_cm":8553,"minecraft:play_time":50855,"minecraft:sneak_time":2153,"minecraft:walk_under_water_one_cm":3158,"minecraft:boat_one_cm":20,"minecraft:jump":672,"minecraft:interact_with_blast_furnace":2,"minecraft:walk_on_water_one_cm":7051,"minecraft:total_world_time":50855,"minecraft:fall_one_cm":17441},"minecraft:killed":{"minecraft:husk":31,"minecraft:skeleton":1},"minecraft:crafted":{"sophisticatedbackpacks:backpack":1,"minecraft:crafting_table":2,"simplyswords:iron_katana":2,"minecraft:golden_pickaxe":1,"sophisticatedbackpacks:gold_backpack":1,"minecraft:stick":12,"minecraft:iron_pickaxe":2,"minecraft:chest":1,"quark:mangrove_chest":1,"minecraft:shears":1,"sophisticatedbackpacks:iron_backpack":1},"minecraft:used":{"minecraft:calcite":2,"epicfight:skillbook":2,"minecraft:diorite":1,"minecraft:mangrove_planks":3,"minecraft:player_head":1,"minecraft:white_wool":3,"minecraft:golden_apple":1,"simplyswords:gold_rapier":7,"minecraft:crafting_table":2,"simplyswords:iron_katana":242,"simplyswords:iron_greataxe":28,"minecraft:spruce_stairs":1,"minecraft:carrot":7,"minecraft:shears":41,"minecraft:spruce_log":1,"minecraft:lava_bucket":3,"minecraft:apple":21,"minecraft:bread":3,"minecraft:string":2,"minecraft:iron_pickaxe":9,"minecraft:item_frame":2,"minecraft:bucket":3,"minecraft:oak_boat":4}},"DataVersion":3465}