{
  "morevillagers:root": {
    "criteria": {
      "always": "2024-05-24 00:00:24 +0000"
    },
    "done": true
  },
  "betterdungeons:root": {
    "criteria": {
      "always": "2024-05-24 00:00:24 +0000"
    },
    "done": true
  },
  "explorerscompass:explorers_compass_cracked_stone_bricks": {
    "criteria": {
      "has_recipe": "2024-05-24 00:00:24 +0000"
    },
    "done": true
  },
  "lootr:root": {
    "criteria": {
      "always_true": "2024-05-24 00:00:24 +0000"
    },
    "done": true
  },
  "dungeons_arise:wda_root": {
    "criteria": {
      "WDA": "2024-05-24 00:00:24 +0000"
    },
    "done": true
  },
  "explorerscompass:explorers_compass_cobweb": {
    "criteria": {
      "has_recipe": "2024-05-24 00:00:24 +0000"
    },
    "done": true
  },
  "betterdeserttemples:root": {
    "criteria": {
      "always": "2024-05-24 00:00:24 +0000"
    },
    "done": true
  },
  "explorerscompass:explorers_compass": {
    "criteria": {
      "has_recipe": "2024-05-24 00:00:24 +0000"
    },
    "done": true
  },
  "wythers:world_explorer": {
    "criteria": {
      "wythers:boreal_forest_yellow": "2024-05-24 00:00:26 +0000",
      "wythers:gravelly_river": "2024-05-24 00:03:15 +0000",
      "wythers:stony_canyon": "2024-05-24 00:46:25 +0000",
      "wythers:boreal_forest_red": "2024-05-24 00:01:45 +0000",
      "wythers:pine_barrens": "2024-05-24 00:23:04 +0000",
      "wythers:cool_forest_edge": "2024-05-24 00:23:26 +0000",
      "wythers:calcite_coast": "2024-05-24 00:45:49 +0000",
      "wythers:cool_forest": "2024-05-24 00:23:11 +0000"
    },
    "done": false
  },
  "farmersdelight:main/root": {
    "criteria": {
      "seeds": "2024-05-24 00:01:07 +0000"
    },
    "done": true
  },
  "create:root": {
    "criteria": {
      "0": "2024-05-24 00:01:07 +0000"
    },
    "done": true
  },
  "immersive_armors:recipes/misc/wooden": {
    "criteria": {
      "has_item": "2024-05-24 00:01:07 +0000"
    },
    "done": true
  },
  "minecraft:story/root": {
    "criteria": {
      "crafting_table": "2024-05-24 00:01:39 +0000"
    },
    "done": true
  },
  "dungeons_arise:find_bathhouse": {
    "criteria": {
      "location0": "2024-05-24 00:02:06 +0000"
    },
    "done": true
  },
  "minecraft:story/mine_stone": {
    "criteria": {
      "get_stone": "2024-05-24 00:02:12 +0000"
    },
    "done": true
  },
  "mutantmonsters:root": {
    "criteria": {
      "killed_by_something": "2024-05-24 00:02:52 +0000"
    },
    "done": true
  },
  "minecraft:adventure/root": {
    "criteria": {
      "killed_by_something": "2024-05-24 00:02:52 +0000"
    },
    "done": true
  },
  "lootr:social": {
    "criteria": {
      "opened_barrel": "2024-05-24 00:06:38 +0000",
      "opened_chest": "2024-05-24 00:08:00 +0000"
    },
    "done": false
  },
  "lootr:1barrel": {
    "criteria": {
      "opened_barrel": "2024-05-24 00:06:38 +0000"
    },
    "done": true
  },
  "minecraft:husbandry/balanced_diet": {
    "criteria": {
      "apple": "2024-05-24 00:13:36 +0000",
      "bread": "2024-05-24 00:34:01 +0000",
      "beetroot": "2024-05-24 00:07:07 +0000",
      "mushroom_stew": "2024-05-24 00:07:15 +0000"
    },
    "done": false
  },
  "minecraft:husbandry/root": {
    "criteria": {
      "consumed_item": "2024-05-24 00:07:07 +0000"
    },
    "done": true
  },
  "farmersdelight:main/eat_comfort_food": {
    "criteria": {
      "comfort": "2024-05-24 00:07:15 +0000"
    },
    "done": true
  },
  "lootr:1chest": {
    "criteria": {
      "opened_chest": "2024-05-24 00:08:00 +0000"
    },
    "done": true
  },
  "immersive_aircraft:misc/aircraftery": {
    "criteria": {
      "has_item": "2024-05-24 00:08:02 +0000"
    },
    "done": true
  },
  "minecraft:story/smelt_iron": {
    "criteria": {
      "iron": "2024-05-24 00:08:02 +0000"
    },
    "done": true
  },
  "morevillagers:all_workstations_get": {
    "criteria": {
      "barrel": "2024-05-24 00:44:03 +0000",
      "brewingstand": "2024-05-24 00:17:28 +0000",
      "smithingtable": "2024-05-24 00:31:19 +0000",
      "blastfurnace": "2024-05-24 00:16:45 +0000",
      "lectern": "2024-05-24 00:08:51 +0000"
    },
    "done": false
  },
  "morevillagers:first_workstation_get": {
    "criteria": {
      "lectern": "2024-05-24 00:08:51 +0000"
    },
    "done": true
  },
  "minecraft:adventure/kill_all_mobs": {
    "criteria": {
      "minecraft:skeleton": "2024-05-24 00:32:24 +0000",
      "minecraft:spider": "2024-05-24 00:37:32 +0000",
      "minecraft:husk": "2024-05-24 00:10:41 +0000",
      "minecraft:cave_spider": "2024-05-24 00:27:59 +0000",
      "minecraft:zombie": "2024-05-24 00:19:19 +0000"
    },
    "done": false
  },
  "minecraft:adventure/kill_a_mob": {
    "criteria": {
      "minecraft:husk": "2024-05-24 00:10:41 +0000"
    },
    "done": true
  },
  "minecraft:story/iron_tools": {
    "criteria": {
      "iron_pickaxe": "2024-05-24 00:17:16 +0000"
    },
    "done": true
  },
  "minecraft:adventure/sleep_in_bed": {
    "criteria": {
      "slept_in_bed": "2024-05-24 00:17:49 +0000"
    },
    "done": true
  },
  "minecraft:story/mine_diamond": {
    "criteria": {
      "diamond": "2024-05-24 00:19:20 +0000"
    },
    "done": true
  },
  "betterdungeons:all_dungeons": {
    "criteria": {
      "in_better_spider_dungeon": "2024-05-24 00:28:13 +0000"
    },
    "done": false
  },
  "minecraft:story/obtain_armor": {
    "criteria": {
      "iron_chestplate": "2024-05-24 00:38:40 +0000"
    },
    "done": true
  },
  "minecraft:story/lava_bucket": {
    "criteria": {
      "lava_bucket": "2024-05-24 00:29:56 +0000"
    },
    "done": true
  },
  "dungeons_arise:find_lighthouse": {
    "criteria": {
      "location0": "2024-05-24 00:25:21 +0000"
    },
    "done": true
  },
  "immersive_armors:recipes/misc/bone": {
    "criteria": {
      "has_item": "2024-05-24 00:32:38 +0000"
    },
    "done": true
  },
  "dungeons_arise:find_wishing_well": {
    "criteria": {
      "location0": "2024-05-24 00:46:15 +0000"
    },
    "done": true
  },
  "minecraft:adventure/adventuring_time": {
    "criteria": {
      "minecraft:sunflower_plains": "2024-05-24 00:24:24 +0000",
      "minecraft:river": "2024-05-24 00:23:29 +0000",
      "minecraft:flower_forest": "2024-05-24 00:44:50 +0000",
      "minecraft:plains": "2024-05-24 00:23:51 +0000"
    },
    "done": false
  },
  "immersive_armors:recipes/misc/robe": {
    "criteria": {
      "has_item": "2024-05-24 00:34:18 +0000"
    },
    "done": true
  },
  "immersive_armors:recipes/misc/warrior": {
    "criteria": {
      "has_item": "2024-05-24 00:38:26 +0000"
    },
    "done": true
  },
  "lootr:10loot": {
    "criteria": {
      "loot_stat": "2024-05-24 00:29:46 +0000"
    },
    "done": true
  },
  "lootr:25loot": {
    "criteria": {
      "loot_stat": "2024-05-24 00:44:02 +0000"
    },
    "done": true
  },
  "betterdungeons:spider_dungeon": {
    "criteria": {
      "in_better_spider_dungeon": "2024-05-24 00:28:13 +0000"
    },
    "done": true
  },
  "create:copper": {
    "criteria": {
      "0": "2024-05-24 00:29:48 +0000"
    },
    "done": true
  },
  "minecraft:nether/obtain_blaze_rod": {
    "criteria": {
      "blaze_rod": "2024-05-24 00:33:07 +0000"
    },
    "done": true
  },
  "DataVersion": 3465
}