{
  "morevillagers:root": {
    "criteria": {
      "always": "2024-05-19 17:28:32 +0000"
    },
    "done": true
  },
  "betterdungeons:root": {
    "criteria": {
      "always": "2024-05-19 17:28:32 +0000"
    },
    "done": true
  },
  "explorerscompass:explorers_compass_cracked_stone_bricks": {
    "criteria": {
      "has_recipe": "2024-05-19 17:28:32 +0000"
    },
    "done": true
  },
  "lootr:root": {
    "criteria": {
      "always_true": "2024-05-19 17:28:32 +0000"
    },
    "done": true
  },
  "dungeons_arise:wda_root": {
    "criteria": {
      "WDA": "2024-05-19 17:28:32 +0000"
    },
    "done": true
  },
  "explorerscompass:explorers_compass_cobweb": {
    "criteria": {
      "has_recipe": "2024-05-19 17:28:32 +0000"
    },
    "done": true
  },
  "betterdeserttemples:root": {
    "criteria": {
      "always": "2024-05-19 17:28:32 +0000"
    },
    "done": true
  },
  "explorerscompass:explorers_compass": {
    "criteria": {
      "has_recipe": "2024-05-19 17:28:32 +0000"
    },
    "done": true
  },
  "minecraft:adventure/adventuring_time": {
    "criteria": {
      "minecraft:bamboo_jungle": "2024-05-19 17:28:33 +0000",
      "minecraft:savanna_plateau": "2024-05-19 17:47:40 +0000",
      "minecraft:sparse_jungle": "2024-05-19 17:58:00 +0000",
      "minecraft:lukewarm_ocean": "2024-05-19 17:42:57 +0000",
      "minecraft:river": "2024-05-19 17:40:18 +0000",
      "minecraft:stony_shore": "2024-05-19 17:30:58 +0000",
      "minecraft:forest": "2024-05-19 17:30:52 +0000",
      "minecraft:jungle": "2024-05-19 17:29:27 +0000",
      "minecraft:savanna": "2024-05-19 17:47:57 +0000",
      "minecraft:plains": "2024-05-19 17:40:58 +0000"
    },
    "done": false
  },
  "wythers:world_explorer": {
    "criteria": {
      "wythers:tropical_forest_river": "2024-05-19 17:38:35 +0000",
      "wythers:tropical_forest_canyon": "2024-05-19 17:50:19 +0000",
      "wythers:warm_stony_shore": "2024-05-19 17:30:28 +0000",
      "wythers:savanna_river": "2024-05-19 17:53:46 +0000",
      "wythers:humid_tropical_grassland": "2024-05-19 17:38:49 +0000",
      "wythers:tropical_forest": "2024-05-19 17:30:53 +0000",
      "wythers:tropical_beach": "2024-05-19 17:56:58 +0000",
      "wythers:jungle_river": "2024-05-19 17:58:02 +0000",
      "wythers:deepslate_shore": "2024-05-19 17:43:12 +0000",
      "wythers:tropical_rainforest": "2024-05-19 17:59:06 +0000",
      "wythers:granite_canyon": "2024-05-19 17:53:49 +0000"
    },
    "done": false
  },
  "dungeons_arise:find_lighthouse": {
    "criteria": {
      "location0": "2024-05-19 17:55:21 +0000"
    },
    "done": true
  },
  "farmersdelight:main/root": {
    "criteria": {
      "seeds": "2024-05-20 21:21:59 +0000"
    },
    "done": true
  },
  "create:root": {
    "criteria": {
      "0": "2024-05-20 21:21:59 +0000"
    },
    "done": true
  },
  "DataVersion": 3465
}